Titre;Type;Rédacteur;Mots;Vues;Date
"Disneyland Paris : le temps d’attente pour accéder à la nouvelle attraction Frozen vient d’être divisé par deux";post;"Robin Sabbadini";418;"98 561";"2026-04-15 19:08:54"
"Pourquoi des chercheurs vous demandent de photographier votre plaque d'immatriculation après chaque trajet ?";post;"Gregori Pujol";453;"67 545";"2026-04-16 19:03:40"
"Un satellite Starlink a explosé dans l’espace, des dizaines de débris détectés";post;"Gregori Pujol";431;"56 240";"2026-04-17 13:37:47"
"Disney abandonne une activité historique et licencie 1000 employés";post;"Julie Hay";454;"33 484";"2026-04-15 17:36:59"
"Marvel a montré la bande-annonce d'Avengers : Doomsday au CinemaCon";post;"Julie Hay";700;"21 429";"2026-04-17 06:59:21"
"The Boys : c'est quoi le problème avec Black Noir dans la saison 5 ?";post;"Julie Hay";746;"20 963";"2026-04-14 19:33:50"
"En Italie, des scientifiques viennent de découvrir un gigantesque réservoir de magma : une mégaéruption est-elle possible ?";post;"Camille Coirault";754;"19 337";"2026-04-17 20:02:47"
"Blue Origin transforme la poussière de la Lune en oxygène : une étape décisive pour y vivre";post;"Camille Coirault";653;"15 632";"2026-04-15 10:21:06"
"PlayStation Plus : du très lourd attend les abonnés en avril";post;"Elisa Rahouadj";476;"13 789";"2026-04-15 16:32:30"
"Game of Thrones : le tout premier film sera l'œuvre la plus importante de la saga";post;"Elisa Rahouadj";458;"11 445";"2026-04-15 11:01:53"
"Streaming Bayern Munich Real Madrid : où regarder le match ce mercredi soir ? 🔴";bonplan;"Sebastian Danila";"1 020";"11 170";"2026-04-15 19:35:41"
"Panne internet mondiale : comment le web a failli disparaître en quelques heures";post;"Gregori Pujol";455;"11 030";"2026-04-16 19:33:48"
"Spider-Man : Beyond The Spider-Verse voit encore plus grand";post;"Julie Hay";533;"10 402";"2026-04-14 08:25:05"
"Votre manette Xbox est livrée sans piles ? Microsoft vous offre une batterie externe avec son câble de chargement";post;"Chris Klippel";397;"10 060";"2026-04-16 15:35:35"
"Disney dévoile Infinity Vision : l'atout majeur d'Avengers 5 pour son duel avec Dune";post;"Julie Hay";607;"9 724";"2026-04-17 11:57:01"
"Sony annonce l'adaptation d'un des meilleurs jeux au monde";post;"Elisa Rahouadj";409;"9 701";"2026-04-14 12:16:58"
"Bonne nouvelle, la série Bref est de retour !";post;"Amandine Jonniaux";308;"8 765";"2026-04-15 12:00:01"
"Honor prépare la plus grande batterie jamais vue dans un smartphone";post;"Florent Erculisse";371;"8 650";"2026-04-17 15:03:22"
"HBO Max n'intéresse déjà plus en France ? Comment la plateforme va se refaire en 2026";post;"Julie Hay";520;"7 346";"2026-04-13 16:03:06"
"Star Wars : découvrez l'ultime bande-annonce de The Mandalorian and Grogu";post;"Julie Hay";532;"7 061";"2026-04-17 08:11:32"
"SFR va-t-il disparaître ? Tout comprendre sur la fin de l'opérateur en France";post;"Gregori Pujol";587;"6 993";"2026-04-18 13:33:38"
"Critique Le Réveil de la Momie : on fonce ou on fuit cet énième remake du monstre à bandelettes ?";critique;"Alix Dulac";"1 151";"6 924";"2026-04-15 15:25:24"
"Le moustique-tigre est de retour, mais ce simple geste vous évite le pire";post;"Jason Filankembo";434;"6 584";"2026-04-17 17:00:51"
"Comment est née la Terre ? Cette étude suggère que nous nous sommes trompés sur ses origines";post;"Camille Coirault";978;"6 456";"2026-04-15 17:03:58"
"Retour de Malcolm : pourquoi tout a changé";dossier;"Julie Hay";"1 012";"6 325";"2026-04-14 17:44:41"
"""Un véritable cauchemar"", Christopher Nolan raconte le tournage de L'Odyssée";post;"Julie Hay";503;"6 238";"2026-04-16 11:37:48"
"Ridley Scott retrouve le genre qui lui va si bien avec The Dog Stars";post;"Elisa Rahouadj";413;"6 205";"2026-04-17 10:02:28"
"Streaming Liverpool PSG : sur quelle chaîne voir le match décisif ce mardi soir ? 🔴";bonplan;"Sebastian Danila";757;"6 202";"2026-04-14 19:15:27"
"Le film numéro 1 sur Netfix se fait démonter par la critique et le public (et c'est mérité)";critique;"Allan Blanvillain";971;"6 098";"2026-04-18 12:34:00"
"Pourquoi vous ne verrez pas la bande-annonce d'Avengers : Doomsday avant un moment ?";post;"Julie Hay";626;"5 960";"2026-04-18 10:03:09"
"Grâce à ce site, vous pouvez visiter l’intérieur en 3D d’un navire de guerre de la Seconde Guerre mondiale";post;"Camille Coirault";662;"5 904";"2026-04-16 18:03:10"
"Claude Design : Anthropic vient de rendre le design accessible à tous, l’action Figma plonge en Bourse";post;"Setra Rakt";485;"5 304";"2026-04-18 08:03:26"
"Smartphones : faute de mémoire, certains fabricants bricoleraient avec du reconditionné";post;Olivier;466;"5 081";"2026-04-18 11:01:32"
"Tomodachi Life : Une vie de rêve a-t-il encore sa place en 2026 ?";test;"Amandine Jonniaux";"1 215";"5 023";"2026-04-17 18:07:24"
"Cdiscount brade le Set de LEGO Stranger Things dédié à la maison de Henry Creel";bonplan;"Chris Klippel";506;"5 011";"2026-04-15 14:52:36"
"Le FSD de Tesla arrivera en France, à une seule condition";post;"Tristan Carballeda";549;"4 845";"2026-04-17 16:01:19"
"Test de la Xiaomi Pad 8 : la tablette qui joue les iPad à moitié prix";test;"Amandine Jonniaux";"1 040";"4 830";"2026-04-13 18:00:04"
"Les hackers ayant attaqué Rockstar lâchent toutes les infos";post;"Robin Sabbadini";565;"4 576";"2026-04-14 11:37:39"
"Communiquer avec des dragons et des elfes : comment France Travail a laissé passé des formations bidons ?";post;"Amandine Jonniaux";578;"4 431";"2026-04-13 19:30:17"
"Vous êtes déjà en retard : les “Skills” arrivent sur Chrome et rendent vos vieilles habitudes obsolètes";post;"Setra Rakt";461;"4 299";"2026-04-16 20:31:32"
"Godzilla Minus Zero : le Kaiju est de retour et il vise New York";post;"Elisa Rahouadj";444;"4 224";"2026-04-15 09:34:09"
"Test Mouse P.I For Hire : tellement plus qu’une simple copie de Mickey";test;"Robin Sabbadini";"1 319";"4 219";"2026-04-16 18:29:22"
"Skoda a inventé une sonnette de vélo qui se fait entendre même avec un casque antibruit";post;"Gregori Pujol";554;"4 154";"2026-04-13 11:03:47"
"Qui est Thragg, le grand méchant qui met une claque à Omni-Man, Thanos et Homelander en même temps ?";post;"Alix Dulac";"1 009";"4 106";"2026-04-19 10:02:45"
"PS6 : une manette avec des boutons... qui se déforment ?";post;"Chris Klippel";406;"3 986";"2026-04-16 17:32:07"
"Free enrichit son catalogue de films gratuits, et même les non-abonnés y ont droit";post;"Amandine Jonniaux";383;"3 970";"2026-04-13 12:00:00"
"300 euros de remise sur la Smart TV OLED LG 65G5 chez Boulanger";bonplan;"Chris Klippel";639;"3 910";"2026-04-14 19:49:57"
"Métro, RER, tram : l'été 2026 va être un enfer pour les Franciliens";post;"Amandine Jonniaux";591;"3 861";"2026-04-16 11:00:35"
"Amazon ne va pas se payer la tête que de Star Wars avec le prochain Spaceballs";post;"Julie Hay";466;"3 836";"2026-04-16 10:36:51"
"La Croix-Rouge lance enfin son Catakit d'urgence, comment se le procurer ?";post;"Amandine Jonniaux";573;"3 824";"2026-04-16 12:26:34"
"La NeoGeo AES revient d’entre les morts, et c’est pas de la simple émulation";post;"Robin Sabbadini";793;"3 649";"2026-04-17 16:28:52"
"Votre carte Visa vous assure contre plein de choses mais vous ne le savez pas, heureusement ça va changer !";post;"Gregori Pujol";405;"3 603";"2026-04-15 18:01:59"
"La PS6 serait 25 % moins puissante que la prochaine Xbox";post;"Robin Sabbadini";947;"3 557";"2026-04-15 11:39:13"
"Critique Good Luck, Have Fun, Don't Die : le papa de Pirates des Caraïbes fait son Terminator sous coke";critique;"Allan Blanvillain";"1 091";"3 294";"2026-04-14 18:02:51"
"Ne pas dire bonjour au travail peut vous coûter très cher";post;"Amandine Jonniaux";682;"3 282";"2026-04-14 10:34:08"
"Bouygues Telecom, Orange et Free vont s'offrir SFR, quelles conséquences pour les clients ?";post;"Amandine Jonniaux";531;"3 233";"2026-04-17 09:30:58"
"Lidl va lancer des forfaits mobiles en France : voici ce qu'on sait sur les prix, et ça ne va pas plaire à tout le monde !";post;"Gregori Pujol";447;"3 156";"2026-04-15 13:37:38"
"À la TV ce soir : 3 films à regarder ce dimanche 19 avril 2026";post;"Amandine Jonniaux";470;"3 098";"2026-04-19 13:00:13"
"À -53%, la Xiaomi Pad 7 ridiculise l’iPad d’Apple sans le moindre ménagement";bonplan;"Louise Millon";727;"3 089";"2026-04-14 10:51:02"
"La première bande annonce du film  Street Fighter est là";post;"Chris Klippel";360;"3 088";"2026-04-16 16:45:18"
"Ces applications siphonnent la batterie de votre téléphone sans que vous le sachiez";post;"Elisa Rahouadj";541;"3 060";"2026-04-14 13:21:29"
"AMD Ryzen 7 7800X3D : le processeur gaming par excellence dégringole à -47% 🔥";bonplan;"Louise Millon";612;"2 922";"2026-04-14 11:15:57"
"Test Pragmata : viser la lune, ça me fait pas peur !";test;"Allan Blanvillain";"1 389";"2 895";"2026-04-13 17:00:04"
"Déclaration d'impôts 2026 : voici les dates limites à ne pas louper selon votre département";post;"Amandine Jonniaux";708;"2 874";"2026-04-13 09:30:15"
"Casques VR : Meta augmente les prix des Quest 3 et Quest 3S";post;Olivier;465;"2 644";"2026-04-17 08:01:13"
"Windows : le patch tuesday peut vous demander vos « papiers » au redémarrage";post;Olivier;473;"2 604";"2026-04-19 15:01:15"
"Le prix de la GoPro Hero13 Black prend cher : -47% sur la reine des caméras d’action ⚡️";bonplan;"Sebastian Danila";733;"2 548";"2026-04-17 11:31:07"
"Faire ses courses à l'envers : c'est quoi cette méthode qui peut vous faire économiser 700€ par an ?";post;"Amandine Jonniaux";463;"2 429";"2026-04-13 10:32:40"
"Publicités, offre à la carte,... comment va évoluer le Xbox Game Pass ?";post;"Elisa Rahouadj";426;"2 294";"2026-04-14 15:02:02"
"Microsoft met fin au redémarrage forcé pour les mises à jour et c'est une bonne nouvelle";post;"Gregori Pujol";641;"2 257";"2026-04-14 16:38:30"
"Canva AI passe en mode 2.0 et pourrait bien remplacer les graphistes";post;"Amandine Jonniaux";496;"2 203";"2026-04-16 15:00:00"
"Piratage massif de l'Éducation nationale : les données de 3,5 millions d'élèves mineurs ont fuité";post;"Amandine Jonniaux";511;"2 194";"2026-04-14 18:26:22"
"GoPro Mission 1 : des caméras d’action qui voient beaucoup plus grand";post;Olivier;453;"2 157";"2026-04-15 08:29:11"
"Une idée lumineuse pour mieux exploiter l'énergie des vagues";post;Olivier;471;"2 135";"2026-04-18 18:01:28"
"Shokz OpenRun Pro 2 : à -49%, c’est le casque ultime pour votre routine sportive";bonplan;"Sebastian Danila";661;"2 126";"2026-04-13 21:18:29"
"Tesla hackées en Europe : la marque réagit très sévèrement";post;"Tristan Carballeda";445;"2 123";"2026-04-13 13:01:51"
"Amazon rachète Globalstar pour 11,57 milliards de dollars afin de concurrencer Starlink Mobile";post;"Setra Rakt";433;"2 073";"2026-04-14 18:31:59"
"L'IA va-t-elle remplacer les acteurs porno ?";dossier;"Amandine Jonniaux";"1 404";"2 033";"2026-04-18 13:00:47"
"La Banque Postale se lance dans le leasing auto : 6 500 voitures disponibles, voici les prix";post;"Gregori Pujol";440;"2 012";"2026-04-15 11:33:59"
"Station-service : cette redoutable arnaque est de retour";post;"Robin Sabbadini";378;"1 881";"2026-04-18 09:07:46"
"Anthropic dévoile Claude Opus 4.7 : la nouvelle IA s’annonce plus utile que ChatGPT et Gemini au travail";post;"Setra Rakt";516;"1 865";"2026-04-16 17:37:41"
"Piratage massif de Basic-Fit : les données bancaires des abonnés ont été volées";post;"Robin Sabbadini";513;"1 820";"2026-04-13 11:36:05"
"Ce robot autonome de la taille d'un grain de riz peut s'attaquer aux tumeurs du cerveau";post;"Camille Coirault";566;"1 815";"2026-04-16 17:02:01"
"Pourquoi vous devez absolument vous (re)mettre à la série Invincible";dossier;"Alix Dulac";"1 046";"1 785";"2026-04-15 19:33:29"
"Anthropic : oui, des métiers sont menacés par l'IA, mais ne paniquez pas (tout de suite)";post;Olivier;481;"1 776";"2026-04-18 14:00:56"
"La durée maximale des arrêts maladie change, et ça va faire mal aux patients";post;"Amandine Jonniaux";491;"1 772";"2026-04-16 12:00:54"
"Impôts, sécu, CAF : si vous n'arrivez pas à vous connecter ce matin, c'est normal et  voici pourquoi";post;"Gregori Pujol";559;"1 761";"2026-04-14 09:48:25"
"Test du Fiido T2 : le vélo cargo pas cher qui fait plus que le job moyennant des concessions";test;"Jérémy FDIDA";"2 179";"1 741";"2026-04-13 19:03:13"
"Voici où précommander la DualSense PS5 dorée en édition limitée James Bond 007 : First Light";bonplan;"Chris Klippel";401;"1 739";"2026-04-17 12:11:36"
"""Saisissant et sombre !"" Dune 3 fait l'unanimité avec ses premières minutes";post;"Julie Hay";482;"1 735";"2026-04-16 16:03:15"
"L’anti-Switch ultime : pourquoi les gamers s’arrachent la Retroid Pocket 5 à -40% 🕹️";bonplan;"Sebastian Danila";731;"1 634";"2026-04-13 16:44:19"
"Disney efface 15 jeux de Steam sans dire un mot et certains classiques ne reviendront probablement jamais";post;"Florent Erculisse";499;"1 626";"2026-04-17 13:02:34"
"La Chine inaugure le plus long escalator du monde : 905 mètres pour relier deux quartiers séparés par une montagne";post;"Gregori Pujol";447;"1 562";"2026-04-15 12:33:45"
"Hunger Games : la saga culte revient et cette fois-ci, ça pourrait être la bonne";post;"Julie Hay";559;"1 536";"2026-04-13 16:46:41"
"DJI Osmo Pocket 3 : en vente flash à -40% la caméra dédiée aux vlogs est incontournable";bonplan;"Sebastian Danila";722;"1 529";"2026-04-16 10:26:35"
"Le prochain jeu de Kojima cherche son ""Mads Mikkelsen dans Hannibal, mais avec une touche d'originalité""";post;"Elisa Rahouadj";426;"1 529";"2026-04-14 08:02:56"
"ChatGPT peut aussi harceler votre ex à votre place (ne le faites pas)";post;"Amandine Jonniaux";485;"1 510";"2026-04-13 10:00:39"
"Le nouveau Google toujours absent en France, un an après : voici pourquoi";post;"Setra Rakt";443;"1 505";"2026-04-15 20:01:46"
"La FAA mise sur les gamers pour remplir ses tours de contrôle";post;Olivier;464;"1 483";"2026-04-18 16:01:57"
"Acharnés saison 2 : pourquoi semblait-il impossible de reproduire le succès sur Netflix ?";dossier;"Allan Blanvillain";886;"1 480";"2026-04-16 09:01:39"
"Pourquoi le départ du co-fondateur de Netflix inquiète autant ?";post;"Julie Hay";682;"1 456";"2026-04-17 14:01:01"
"Seigneur des Anneaux : le nouveau Aragorn va diviser les fans";post;"Elisa Rahouadj";497;"1 446";"2026-04-15 08:53:13"
"On a tous été victimes de ce piège : Google intervient enfin pour décourager le ""back button hijacking”";post;"Setra Rakt";450;"1 414";"2026-04-14 20:12:25"
"Spider-Man 3 : l'acteur vient de leaker le jeu";post;"Elisa Rahouadj";434;"1 341";"2026-04-14 17:12:33"
"Netflix supprime des fonctionnalités Apple TV adorées des utilisateurs sans aucune explication";post;"Florent Erculisse";446;"1 327";"2026-04-15 10:02:31"
"La hack et le leak des données de Rockstar ont été une véritable aubaine pour le studio";post;"Robin Sabbadini";448;"1 275";"2026-04-15 14:01:20"
"Des data centers sur l’eau : le Japon teste une idée qui flotte vraiment";post;Olivier;464;"1 262";"2026-04-18 15:00:13"
"Android s'apprêterait à copier l'une des meilleures fonctionnalités de l'iPhone";post;"Setra Rakt";468;"1 248";"2026-04-13 20:01:07"
"Une entreprise lyonnaise au cœur d’une fuite de 40 millions de données email";post;Olivier;456;"1 239";"2026-04-19 11:03:33"
"Panasonic passe la main pour ses téléviseurs… mais garde la marque";post;Olivier;459;"1 226";"2026-04-19 17:00:54"
"Google réalise un nouvel exploit : on vivra bientôt avec des robots commandés par Gemini";post;"Setra Rakt";458;"1 171";"2026-04-16 20:01:06"
"Booking.com : vos données volées servent déjà à vous arnaquer";post;"Florent Erculisse";581;"1 149";"2026-04-14 14:28:25"
"LEGO dévoile le Chasseur N-1 du Mandalorien en version UCS pour May the 4th";post;"Gregori Pujol";378;"1 149";"2026-04-17 12:33:15"
"SNCF Connect bientôt contraint de vendre les billets… de ses concurrents ?";post;Olivier;468;"1 144";"2026-04-13 09:01:30"
"Les astronautes sont-ils constipés dans l’espace ? Un problème très terre-à-terre pour la NASA";post;"Camille Coirault";732;"1 138";"2026-04-13 18:31:13"
"Youtube : voici comment enlever les Shorts";post;"Robin Sabbadini";214;"1 070";"2026-04-17 11:37:02"
"Turbo Vado 3, le VAE de chez Specialized qui transforme le vélotaf en expérience high-tech";post;"Tristan Carballeda";461;"1 015";"2026-04-15 16:01:07"
"Taille de guêpe pour le nouveau Fire TV Stick HD";post;Olivier;461;"1 013";"2026-04-16 08:02:00"
"Le Redmi Note 15 Pro n’a jamais été aussi peu cher : -45% sur le top smartphone de Xiaomi";bonplan;"Sebastian Danila";787;991;"2026-04-13 10:16:00"
"Des chercheurs réussissent à faire dire (presque) n’importe quoi à Apple Intelligence";post;Olivier;478;985;"2026-04-13 08:29:33"
"Impôts 2026 : barème, retraite, frais de scolarité... voici ce qui change vraiment pour votre déclaration";post;"Amandine Jonniaux";502;982;"2026-04-17 14:33:57"
"Lume : enfin une lampe robot qui plie le linge";post;Olivier;427;973;"2026-04-13 08:00:33"
"Vous ne rêvez pas : des lunettes connectées Android et Gucci arrivent en 2027";post;"Setra Rakt";439;968;"2026-04-17 20:31:32"
"Samsung enterre son app Messages et pousse tout le monde chez Google";post;Olivier;514;964;"2026-04-18 12:00:13"
"Test BOYA Notra : cet enregistreur IA tient ses promesses en réunion, mais pas partout";test;"Gregori Pujol";"1 424";963;"2026-04-17 17:41:05"
"Le design du Pixel 11 pourrait s'inspirer d'une autre marque et ce n'est pas Apple";post;"Setra Rakt";452;932;"2026-04-18 19:01:08"
"Apple prépare ses lunettes connectées pour 2027 avec une stratégie qui ne ressemble pas à Meta";post;"Gregori Pujol";477;927;"2026-04-13 15:33:34"
"Le smartphone doré de Trump revient avec un nouveau design mais sans le ""Made in USA""";post;"Florent Erculisse";570;923;"2026-04-15 18:32:23"
"Ne jetez pas 1 300€ chez Apple ou Samsung : le OnePlus 15 fait quasiment pareil pour 670€";post;"Sebastian Danila";699;898;"2026-04-13 17:56:09"
"Asha Sharma, la patronne de Xbox, admet que l’abonnement Game Pass pique un peu";post;Olivier;463;890;"2026-04-14 09:29:46"
"L'IA de TikTok qui terrifie Hollywood est maintenant ouverte à tous";post;"Florent Erculisse";506;886;"2026-04-17 09:03:32"
"Le nouveau film Insidious ravive de vieilles peurs avec sa bande-annonce";post;"Julie Hay";400;879;"2026-04-14 10:03:44"
"Microsoft s'attaque enfin à ces lenteurs de Windows 11 qui gâchaient l'expérience";post;"Florent Erculisse";531;877;"2026-04-14 11:03:36"
"Redmi A7 Pro : l'IA est enfin à tout petit prix grâce à ce nouveau smartphone";post;"Jason Filankembo";474;858;"2026-04-14 12:47:25"
"L'Europe va obliger les sites porno et les réseaux sociaux à vérifier votre âge";post;"Amandine Jonniaux";747;828;"2026-04-17 10:30:43"
"La France enterre ses zones antipollution et met fin aux ZFE";post;"Amandine Jonniaux";404;806;"2026-04-15 13:00:20"
"Xiaomi remet ça : il sacrifie sa marge et brade cette Smart TV à 108€ 😱";bonplan;"Sebastian Danila";551;803;"2026-04-13 18:59:56"
"De 529 à 269 € : la folle chute de prix du Samsung Galaxy A56 continue (256 Go) 🤯";bonplan;"Sebastian Danila";685;762;"2026-04-13 11:18:19"
"Retour de l'offre 100% Canal+ : Pass Coupes d'Europe, films, séries et docs à prix cassé 🔥";bonplan;"Sebastian Danila";613;762;"2026-04-16 15:16:03"
"Le OnePlus 15 est à un prix dingue : il se vend par palettes jusqu'à la rupture totale ⚡️";bonplan;"Sebastian Danila";891;708;"2026-04-16 14:13:29"
"Rockstar hacké : et si GTA 6 en faisait les frais ?";post;"Robin Sabbadini";743;695;"2026-04-13 16:28:35"
"Pokémon : un gigantesque événement avec Marshmello et Alison Wonderland en tête d'affiche pour les 30 ans";post;"Chris Klippel";517;651;"2026-04-13 19:17:19"
"Disney & Epic Games : un nouveau jeu et un rachat en vue, qu’est-ce qu’il se passe ?";post;"Robin Sabbadini";866;584;"2026-04-13 15:14:42"
"PS5, Smart TV Samsung, Xbox, Videoprojecteur, jusqu'à -90% de remise avec les nouvelles offres Bbox";bonplan;"Chris Klippel";514;580;"2026-04-13 17:02:08"
"Licences Microsoft à prix cassés : jusqu'à 66% de réduction pour le printemps 2026";bonplan;"Sebastian Danila";516;576;"2026-04-13 12:15:37"
"Selon cette étude, les rêves les plus intenses vous aideraient à mieux vous reposer";post;"Camille Coirault";839;557;"2026-04-15 08:02:59"
"Peut-on consommer de la viande cultivée en laboratoire sans danger ?";post;"Camille Coirault";"1 085";555;"2026-04-14 08:02:57"
"Folie totale : la Samsung Galaxy Watch Ultra chute à -57% (et ce n'est pas une erreur) 😱";bonplan;"Sebastian Danila";576;544;"2026-04-16 08:59:37"
"Envoyer un data-center dans l'espace ? Cette entreprise méconnue va le faire cette année";post;"Tristan Carballeda";509;534;"2026-04-16 16:31:54"
"Mon Petit Placement met le cap sur l’espace : investissez dès 300 € 100% en ligne";post;"Manon Carpentier";904;528;"2026-04-14 16:47:56"
"Ce téléviseur outdoor résiste à l'eau et à la pluie, votre nouvel ami pour regarder la Coupe du Monde en terrasse";post;"Florent Erculisse";443;515;"2026-04-16 09:33:46"
"Starbucks débarque sur ChatGPT : vos envies les plus précises (et les plus étranges) seront prises au sérieux";post;"Setra Rakt";455;514;"2026-04-15 20:31:48"
"Une île sortie de nulle part ? Les scientifiques tombent sur une surprise en Antarctique";post;Olivier;480;512;"2026-04-19 16:01:53"
"Les Microsoft Surface subissent une hausse de prix spectaculaire de plusieurs centaines d'euros";post;"Florent Erculisse";459;497;"2026-04-16 10:03:58"
"YouTube allège (un peu) la pub en live, mais il faudra payer ce silence";post;Olivier;484;483;"2026-04-18 17:00:52"
"Fable : pourquoi le jeu pourrait être reporté";post;"Elisa Rahouadj";404;473;"2026-04-13 14:31:20"
"Last Flag : quand une star de la musique se lance dans le jeu vidéo";post;"Elisa Rahouadj";470;467;"2026-04-13 17:32:45"
"Battlefield 6 dévoile des mises à jour colossales";post;"Elisa Rahouadj";435;432;"2026-04-17 14:16:46"
"Holo Tab : et si votre navigateur travaillait à votre place ?";post;Olivier;461;391;"2026-04-19 12:00:48"
"Meta veut créer un clone IA de Mark Zuckerberg (mais pourquoi ?)";post;Olivier;481;383;"2026-04-14 09:00:51"
"À vous les économies sur vos factures grâce au nouveau Jackery SolarVault 3 Pro Max à -300€";post;"Manon Carpentier";601;380;"2026-04-13 17:26:03"
"Spotify donne un sérieux coup de frais à son app tablette";post;Olivier;457;363;"2026-04-17 08:30:04"
"WhatsApp : Bruxelles veut forcer Meta à rouvrir l’accès aux assistants IA";post;Olivier;488;322;"2026-04-19 14:00:17"
"Au tour de Snap de tailler dans ses effectifs à cause de l'IA";post;Olivier;473;308;"2026-04-16 08:29:38"
